Detroit,cordcutters,beer,misleadingthumbnails,InternetIsBeautiful,PHP,homeautomation
WebGames,loadingicon,MachineLearning,InternetIsBeautiful
JapanTravel,Design,montreal,InternetIsBeautiful
Juve,Barca,socialism,Supplements,InternetIsBeautiful,soccer
InternetIsBeautiful
Images,InternetIsBeautiful
thebutton,gravityfalls,InternetIsBeautiful
chrome,ArcherFX,InternetIsBeautiful
design_critiques,tennis,AusMemes,InternetIsBeautiful
InternetIsBeautiful
shutupandtakemymoney,ArchitecturePorn,keming,RandomKindness,deals,eFreebies,PrettyGirls,secretsanta,AdPorn,InternetIsBeautiful,fitbit,logodesign,winterporn,TellMeAFact
OSU,InternetIsBeautiful
FRC,masseffect,TrueChristian,dishonored,InternetIsBeautiful
news,BitcoinMarkets,NewsOfTheStupid,InternetIsBeautiful
gameofthrones,fuckolly,JamesBond,EatCheapAndHealthy,moviescirclejerk,SandersForPresident,UnexpectedThugLife,movies,atheism,Philippines,JurassicPark,InternetIsBeautiful,Moviesinthemaking,battlebots,WorkOnline,iamverysmart
television,gameofthrones,JamesBond,happycrowds,nerdcubed,dvdcollection,GameDealsMeta,GTAA,Games,InternetIsBeautiful,Moviesinthemaking,GameDeals
forhire,design_critiques,unixporn,InternetIsBeautiful
InternetIsBeautiful
crusadersquest,InternetIsBeautiful
startups,Meditation,InternetIsBeautiful
worldnews,rollerblading,PostHardcore,InternetIsBeautiful
TrueReddit,Frisson,Heavymind,apple,videos,DoesAnybodyElse,JusticePorn,reactiongifs,HistoryPorn,outside,australia,InternetIsBeautiful,nottheonion,wowthissubexists,OldSchoolCool
ayylmao,NetflixBestOf,moviescirclejerk,Defenders,chuck,IASIP,MrRobot,MarkMyWords,narcos,InternetIsBeautiful,comicbookmovies,GameDeals
philosophy,gwcommentsonearthporn,trippinthroughtime,InternetIsBeautiful,singularity,AnimalTextGifs
InternetIsBeautiful
InternetIsBeautiful
InternetIsBeautiful,linux,programming,amazon,tech,csharp,technology
LifeProTips,youdontsurf,nostalgia,InternetIsBeautiful,firstworldanarchists,karengillan,michaelbaygifs,ExpectationVsReality,straya,justneckbeardthings,Nirvana,fifthworldproblems,poker,notinteresting,GirlsWithHugePussies,coaxedintoasnafu,birdswitharms,Awwducational,TsundereSharks,photoshopbattles,enlightenedbirdmen,ledootgeneration,PropagandaPosters,Glitch_in_the_Matrix,ShittyLifeProTips,vegetarian
JustUnsubbed,ShittyPickupLines,SweatyPalms,wowthissubexists,InternetIsBeautiful
InternetIsBeautiful
RimWorld,ChoosingBeggars,NoMansSkyTheGame,HorriblyDepressing,shittyrobots,Automate,InternetIsBeautiful,wowthissubexists,Hookers,FiftyFifty,armoredwomen,Bad_Cop_No_Donut,TheWire,ImaginaryLandscapes,writing,outside,gamedesign,combinedgifs,morbidquestions,asktransgender,tipofmytongue,BasicIncome,ImaginaryArmor,reversegif,UNBGBBIIVCHIDCTIICBG,NoStupidQuestions,Simulated,ImaginaryCyberpunk,sfw_wtf,AskMen,holdmyfries,gamingsuggestions,Overwatch,WritingPrompts,namenerds,fantasywriters,findareddit,deepdream,worstof,Cyberpunk,Moviesinthemaking,whatstheword,sportsarefun
stevenuniverse,Kikpals,InternetIsBeautiful
indieheadscirclejerk,LetsTalkMusic,chelseafc,indieheads,InternetIsBeautiful
Hammocks,USMC,Kentucky,4chan,whiteknighting,gamedesign,InternetIsBeautiful,CampingandHiking,Ask_Politics
VaporwaveAesthetics,fuckingmanly,InternetIsBeautiful,VillagePorn,HannibalTV,Pareidolia
infp,InternetIsBeautiful
deepweb,Simulated,InternetIsBeautiful
pettyrevenge,LiveFromNewYork,opieandanthony,MarkMyWords,kratom,InternetIsBeautiful,ContagiousLaughter,drunkvapes,truegaming,self,confessions,outrun,LetsTalkMusic,StandUpComedy,Drama,Jokes,bigdickproblems,WritingPrompts,vaporents,WeAreTheMusicMakers,howtonotgiveafuck,cringe,deadmau5
ich_iel,kodi,InternetIsBeautiful
nasa,beermoney,InternetIsBeautiful
AskAnthropology,onetruegod,DebateAnAtheist,holofractal,InternetIsBeautiful
InternetIsBeautiful
DnD,theydidthemath,nocontext_wallpapers,grandrapids,antibaw,rpg,InternetIsBeautiful,notcirclejerk,screenshots,gamingsuggestions
InternetIsBeautiful
JohnCena,gamemusic,donaldglover,WWEGames,TheSimpsons,InternetIsBeautiful,xbox,YUROP,xbox360,classic4chan
InternetIsBeautiful
LearnUselessTalents,tipofmytongue,InternetIsBeautiful
HomeworkHelp,InternetIsBeautiful
GrandTheftAutoV_PC,falloutshelter,InternetIsBeautiful
UKPersonalFinance,BritishSuccess,britishproblems,InternetIsBeautiful
InternetIsBeautiful
formula1,DunderMifflin,finance,OutOfTheLoop,Gunners,sweden,RoomPorn,InternetIsBeautiful
WQHD_Wallpaper,EBEs,AskScienceDiscussion,ifyoulikeblank,InternetIsBeautiful,Enhancement
InternetIsBeautiful
NewsOfTheStupid,glitch_art,noisygifs,AnimalsBeingBros,holdmyjuicebox,WastedGifs,FunnyandSad,PleX,upvotegifs,IdiotsFightingThings,PeopleBeingJerks,perfectloops,InternetIsBeautiful,dashcamgifs,DubbedGIFS,instantkarma,HumansBeingBros,instant_regret,HighQualityGifs,Parenting,quityourbullshit,Homebrewing,HereComesTheBoom,BestOfReports,gif,facebookwins,WTF,combinedgifs,memes,nope,Whatcouldgowrong,holdmybeer,ChildrenFallingOver,trashy,SkyPorn,AnimalsBeingJerks,facepalm,delusionalartists,mildlyinfuriating,oddlysatisfying,reversegif,analogygifs,bitchimabus,NoStupidQuestions,Punny,nonononoyes,gifs,Unexpected,rage,nononono,HadToHurt,BitchImATrain
InternetIsBeautiful
RimWorld,mountandblade,factorio,InternetIsBeautiful,mallninjashit,CallOfDuty,EvolveGame,1911,NewsOfTheStupid
TownofSalemgame,InternetIsBeautiful
happycrowds,CatastrophicFailure,InternetIsBeautiful
duolingo,HeresAFunFact,InternetIsBeautiful
osx,unitedkingdom,noisygifs,coding,london,dataisbeautiful,InternetIsBeautiful,webdev,apple,Damnthatsinteresting,iphone,web_design,graphic_design,AppleWatch,business,iOSProgramming,photography,javascript,ios,educationalgifs,whatisthisthing,mac,sanfrancisco,ipad,geek,Unexpected,loadingicon,ArchitecturePorn,3Dmodeling,DesignPorn,programming,typography,compsci,Design,architecture,aviationpics,microsoft
PowerMetal,poppunkers,Emo,Wrasslin,EmmaStone,hayleywilliams,Wellthatsucks,PostHardcore,InternetIsBeautiful,russian,FreckledGirls,WrestleWithThePlot
InternetIsBeautiful
TrueAskReddit,InternetIsBeautiful
QuotesPorn,ImageStabilization,InternetIsBeautiful
firstworldanarchists,PlayItAgainSam,StandUpComedy,churchporn,NewsOfTheStupid,billiards,LearnUselessTalents,Documentaries,EAF,BritishTV,ChildrenFallingOver,beerwithaview,trees,GreenDawn,InternetIsBeautiful,Standup,Foodforthought,britpics,nonononoyes,Whatcouldgowrong
InternetIsBeautiful
makemychoice,mississauga,electronic_cigarette,Canadian_ecigarette,InternetIsBeautiful
thebutton,InternetIsBeautiful
netsec,productivity,wikipedia,geek,scifi,InternetIsBeautiful
LadyGaga,AnimalCrossing,InternetIsBeautiful
InternetIsBeautiful
web_design,InternetIsBeautiful
WoahTunes,loadingicon,PixelArt,happycrowds,ImaginaryLandscapes,InternetIsBeautiful,ghettoglamourshots
Paranormal,InternetIsBeautiful
australia,design_critiques,ITCareerQuestions,learnmath,Parenting,InternetIsBeautiful,BeforeNAfterAdoption,morbidquestions,findapath,StackAdvice
bookporn,castles,astrophotography,bakchodi,space,india,woahdude,InternetIsBeautiful,AnimalPorn
quotes,trippy,InternetIsBeautiful
diypedals,InternetIsBeautiful
Treknobabble,Overwatch,fuckolly,smashbros,mashups,bloodbowl,InternetIsBeautiful
wrestling,washingtondc,InternetIsBeautiful,news,education,Louisiana,Foodforthought,geography,humor,OldSchoolCool,newjersey,tennis,startrek,environment,religion,Brooklyn,spaceporn,nyc,Judaism,NYYankees,marketing,NorthCarolina,oregon,baseball,Ohio,Alabama,photoshopbattles,television,Colorado,spaceflight,florida,alaska,montreal
Spanish,AskAnAmerican,natureismetal,backpacking,narcos,travel,Infographics,HeresAFunFact,cirkeltrek,Awwducational,InternetIsBeautiful,birding
cyanogenmod,Honda,Canadian_ecigarette,InternetIsBeautiful
RealEstate,InternetIsBeautiful
InternetIsBeautiful
drunk,MadeMeSmile,circlebroke2,explainlikeIAmA,InternetIsBeautiful,notcirclejerk,RedditThroughHistory,ideasfortheadmins,spam,shittyfoodporn,DestinyTheGame,circlebroke,BestOfReports,NetflixBestOf,KCRoyals,DestinySherpa,bestof,UpliftingNews,circlejerk,Unorthodog,elderscrollsonline,Braveryjerk,newreddits,Neverwinter,baseballcirclejerk,self
newzealand,nrl,apple,InternetIsBeautiful
ThreadKillers,rollerblading,InternetIsBeautiful
Frisson,Stoicism,DecidingToBeBetter,learnprogramming,InternetIsBeautiful,Liftingmusic
keming,ggggg,InternetIsBeautiful
SS13,InternetIsBeautiful
origami,InternetIsBeautiful
InternetIsBeautiful
firstworldanarchists,BF_Hardline,InternetIsBeautiful,nasa,london,wedding,shadowofmordor,chiliadmystery,pcmasterrace,CodAW,Floof,logodesign,MealPrepSunday
InternetIsBeautiful
ireland,InternetIsBeautiful
InternetIsBeautiful
google,Piracy,InternetIsBeautiful,reactiongifs,gadgets,elonmusk,books,Infographics,CasualTodayILearned,politics,technology,spam,Drugs,environment,todayilearned,worldnews,texas,HealthyFood,gaming,business,food,howto,Futurology,space,Kentucky,Blackout2015,solar,FastWorkers,Ohio,law,Archaeology,gifs,television,gaminggifs,science,entertainment,Marijuana,burgers,EverythingScience,sexypizza,hacking,GetMotivated
TheSimpsons,StonerPhilosophy,InternetIsBeautiful
Daredevil,MotivaShian,fivenightsatfreddys,rant,InternetIsBeautiful
InternetIsBeautiful
webcomics,InternetIsBeautiful,comicbookart,casualnintendo,anime,alternativeart,Infographics,Avengers
CineShots,Pareidolia,InternetIsBeautiful
longstabbything,InternetIsBeautiful
yoga,InternetIsBeautiful
reddevils,ironmaiden,InternetIsBeautiful
ShittyTodayILearned,InternetIsBeautiful,ShittyLifeProTips,introvert,Infographics,AntiAntiJokes,torrents
RPI,beer,ynab,homeautomation,InternetIsBeautiful
PlayStationPlus,InternetIsBeautiful
electronicmusic,futurebeats,AlbumArtPorn,InternetIsBeautiful,speedrun,weeabootales
InternetIsBeautiful
mildyinteresting,cableporn,InternetIsBeautiful
marketing,Wordpress,nova,InternetIsBeautiful
education,InternetIsBeautiful
InternetIsBeautiful
pwned,InternetIsBeautiful
desktops,3Dmodeling,TalesFromTheCustomer,unixporn,Rainmeter,InternetIsBeautiful
riddles,InternetIsBeautiful
MovieSuggestions,raspberry_pi,Python,artificial,movies,InternetIsBeautiful,electronics
uktrees,UKPersonalFinance,design_critiques,InternetIsBeautiful
Lightbulb,ScenesFromAHat,explainlikeIAmA,InternetIsBeautiful
StarWars,glitch_art,Poetry,zelda,gadgets,PoliticalDiscussion,books,Music,TwoXChromosomes,InternetIsBeautiful,politics,education,technology,autism,OldSchoolCool,entertainment,Bad_Cop_No_Donut,Michigan,socialmedia,minnesota,sports,environment,beer,worldnews,uofm,Lovecraft,snowden,literature,shutupandtakemymoney,business,SkyPorn,Pennsylvania,NorthCarolina,UpliftingNews,geek,running,Moviesinthemaking,grandrapids,news,television,Art,Colorado,calvinandhobbes,Twitter,Washington,DealsReddit,creepy,pics,Design,advertising,Health,oklahoma,history
ancientrome,Paleo,TrueReddit,Knoxville,deaf,Windows10,sysadmin,arizona,Embroidery,InternetIsBeautiful,jobs,Foodforthought,education,linguistics,java,phoenix,privacy,Python,freelance,Jazz,writing,Anthropology,TheWayWeWere,Brooklyn,compsci,chess,introvert,foodhacks,robotics,Calligraphy,opensource,HealthyFood,latin,sciencefiction,business,stephenking,csharp,howto,Futurology,trains,UpliftingNews,cordcutters,RetroFuturism,asheville,weather,SanJose,TopGear,BurningMan,Mindfulness,windows,Twitter,typography,Minneapolis,PowerShell,gadgets,books,Cleveland,dotnet,hacking,Seattle,MedievalHistory,microsoft,homeautomation,wine
ShittyMapPorn,de,gis,keming,InternetIsBeautiful,Psybient,Owls,gamedesign,SocialEngineering,Doom,outrun,geography
HotWheels,CitiesSkylines,InternetIsBeautiful
ShittyMapPorn,InternetIsBeautiful
oots,reynad,Motivatinggiraffe,sm4sh,defaultgems,duolingo,etymology,everymanshouldknow,InternetIsBeautiful,UVA,NexusNewbies
InternetIsBeautiful
InternetIsBeautiful
flexibility,dhmtb,InternetIsBeautiful
InternetIsBeautiful
opensource,InternetIsBeautiful
MensRights,calvinandhobbes,sailing,parrots,InternetIsBeautiful,Military,cockatiel
totalwar,InternetIsBeautiful,antibaw,oldpeoplefacebook,medicine,Avengers
Lightbulb,HalfLife,wince,natureismetal,ShitAmericansSay,InternetIsBeautiful,PublicFreakout,happycrowds,getdisciplined,AndroidQuestions,findareddit,LearnUselessTalents,NoStupidQuestions,shittykickstarters,AnimalPorn,instant_regret,tipofmyjoystick,sportsarefun,OutOfTheLoop,AntiAntiJokes
google,gamernews,redsox,chemicalreactiongifs,beerwithaview,inthenews,restorethefourth,gadgets,AndroidWear,chromeos,InternetIsBeautiful,pcgaming,Android,BestOfReports,technology,TheoryOfReddit,entertainment,chrome,pugs,powerrangers,hookah,Nexus7,ballpython,worldnews,dyinglight,arizona,Vive,3DS,StarWarsBattlefront,Metal,Libertarian,ofcoursethatsathing,nintendo,news,MotoX,AndroidMasterRace,photoshopbattles,television,windows,privacy,Windows10,politics,tech,EVEX,MMORPG,MotivaShian,oneplus,Anarcho_Capitalism,software
Judaism,InternetIsBeautiful
mildlypenis,InternetIsBeautiful
InternetIsBeautiful
asmr,regularshow,google,loadingicon,japancirclejerk,indianpeoplefacebook,androidapps,india,woahdude,suits,Daredevil,bakchodi,GirlsMirin,lastweektonight,InternetIsBeautiful,OopsDidntMeanTo,HumanPorn,Tinder,wheredidthesodago
botsrights,MetaSubredditDrama,Harmontown,OutOfTheLoop,FloridaMan,galaxys5,BestOfReports,InternetIsBeautiful,GilmoreGirls,wowthissubexists
InternetIsBeautiful
atheism,InternetIsBeautiful
InternetIsBeautiful
MapPorn,InternetIsBeautiful
InternetIsBeautiful
nonose,MadeMeSmile,noisygifs,reactiongifs,FunnyandSad,MarkMyWords,Pinup,tiltshift,InternetIsBeautiful,InfrastructurePorn,zooeydeschanel,AmateurPhotography,Damnthatsinteresting,mashups,space,ResentfulAnimals,TechnologyPorn,LearnUselessTalents,misleadingthumbnails,spaceporn,mildyinteresting,awesome,Whatcouldgowrong,bestof,YouShouldKnow,Dogfort,deephouse,germany,titlegore,MapPorn,awwtf,Lightbulb,MachinePorn,BacktotheFuture,HumanPorn,juxtaposition,evenwithcontext,slavs_squatting,Cyberpunk,sloths,CasualConversation
ExplainLikeImCalvin,betterCallSaul,androidapps,learnprogramming,InternetIsBeautiful
GrandTheftAutoV_PC,AndroidMasterRace,linuxmasterrace,instantkarma,InternetIsBeautiful
DrunkOrAKid,shittyaskhistory,InternetIsBeautiful
etymology,Design,gtaonline,InternetIsBeautiful
minimalism,quotes,YouShouldKnow,TrueAskReddit,InternetIsBeautiful
RiotFest,AutumnPorn,InternetIsBeautiful
hardstyle,EliteOne,INTP,InternetIsBeautiful
evenwithcontext,TheCinemassacre,smashart,CookieClicker,playstation,Spongebros,casualnintendo,fffffffuuuuuuuuuuuu,MarioMaker,Agario,Mario,mechanical_gifs,sixwordstories,gamemusic,InternetIsBeautiful,minecraftsuggestions,MiiverseInAction,TheSaltySplatoon,SonicTheHedgehog,Ashens
UrbanHell,awwwtf,CasualTodayILearned,perfectloops,everymanshouldknow,dataisbeautiful,InternetIsBeautiful,DubbedGIFS,ads,ShittyTodayILearned,quityourbullshit,nostalgia,Documentaries,HistoryPorn,pinball,dreamcast,FreeKarma,combinedgifs,AnimalPorn,RedvsBlue,thingsforants,beatles,HeresAFunFact,geek,spaceporn,ofcoursethatsathing,Liberal,Punny,coinop,GunsAreCool,AbandonedPorn,Astronomy,Art,ArchitecturePorn,mildlyvagina,steampunk,Windows10,PropagandaPosters,Metallica,hinduism,NoShitSherlock,195,StarWars,TrueAtheism,NetflixBestOf,DoctorWhumour,interestingasfuck,xmen,SonicTheHedgehog,libertarianmeme,PS3,KarmaCourt,atheismrebooted,wowthissubexists,Cinemagraphs,DunderMifflin,alcohol,space,skeptic,TalesFromTheCustomer,Freethought,ThingsCutInHalfPorn,RetroFuturism,lifehacks,Doom,nes,Enhancement,arizona,classiccars,TMNT,100yearsago,delusionalartists,emulation,gentlemanboners,doctorwho,AskDoctorSmeeee,PoliticalHumor,netflix,mac,casualnintendo,wheredidthesodago,Im14andthisisWTF,Dexter,orangeisthenewblack,MortalKombat,playstation,nintendo,thewestwing,TheFacebookDelusion,linux_gaming,cade,comicbooks,youdontsurf,GamePhysics,TheLastAirbender,Damnthatsinteresting,spam,subredditoftheday,BestOfReports,90sAlternative,Gameboy,retrobattlestations,snes,MineralPorn,degreestohitler,TheCinemassacre,misleadingthumbnails,ketorecipes,consoles,xbox360,AmItheAsshole,IndieGaming,tipofmyjoystick,80smusic,television,howyoudoin,Perfectfit,AdPorn,NatureGifs,sushi,MrRobot,gamecollecting,Infographics,MURICA,HighQualityGifs,newreddits,Mario,scifi,nottheonion,Whatcouldgowrong,firefly,gaming,sciencefiction,SwiggitySwootyGifs,phoenix,wallpaper,educationalgifs,reversegif,AdviceAtheists,IgnorantImgur,Gaming4Gamers,crappyoffbrands,DadReflexes,Treknobabble,gaminggifs,atheism,waterporn,retrogaming,EngineeringPorn
InternetIsBeautiful
bisexual,FlashTV,sex,goldredditsays,democrats,arrow,InternetIsBeautiful,AsABlackMan,ShitRedditSays
shittyrobots,aviation,bakchodi,InternetIsBeautiful
UVA,Parenting,longboarding,daddit,YouShouldKnow,BackYardChickens,Trucks,bicycling,livesound,Delaware,washingtondc,Guitar,Daredevil,running,woodworking,InternetIsBeautiful,grandrapids,Military,picrequests,greatdanes
YouShouldKnow,selfimprovement,InternetIsBeautiful,LearnJapanese,SeriousConversation,Techno,mathpics,Infographics,productivity,Meditation,stocks,Physics,GetMotivated
InternetIsBeautiful
InternetIsBeautiful
photoshopbattles,me_irl,blackops2,TMNT,quityourbullshit,shittyfoodporn,sushi,beerporn,beertrade,Connecticut,AskReddit,analogygifs,secretsanta,shittyreactiongifs,Fishing,InternetIsBeautiful,steak,MMA,TheSimpsons,thewalkingdead,tappedout
InternetIsBeautiful
InternetIsBeautiful
datasets,InternetIsBeautiful,swoleacceptance,postprocessing,mfw,startups,howardstern
arizona,InternetIsBeautiful
InternetIsBeautiful
CasualTodayILearned,CatGifs,InternetIsBeautiful,deaf,weather,AcademicBiblical,Android,RTLSDR,law,chrome,Michigan,excel,AndroidQuestions,TreesSuckingOnThings,daddit,latin,BasicIncome,FeelsLikeTheFirstTime,redditisfun,NoShitSherlock,birding,DadReflexes,learnpython,amateurradio,jacksonville,Frugal,science,xbox,longstabbything,techsupport,latterdaysaints,Libertarian,AskEngineers,microsoft,Cartalk
InternetIsBeautiful
shittynosleep,dotamasterrace,WackyTicTacs,InternetIsBeautiful,northernlion,LeagueOfMemes
gravityfalls,pharmacy,alternativeart,InternetIsBeautiful,AceAttorney,katawashoujo,creepypasta
michaelbaygifs,MyPeopleNeedMe,wheredidthesodago,InternetIsBeautiful,ClassicRock,iamverysmart,Whatcouldgowrong
WebGames,InternetIsBeautiful
Turkey,europe,AskScienceFiction,geopolitics,kurdistan,HorriblyDepressing,YUROP,badeconomics,interestingasfuck,CredibleDefense,exmuslim,InternetIsBeautiful,navy,japan,Norway,financialindependence,Israel,syriancivilwar,AskHistorians,OutOfTheLoop,Trove,france,southafrica,woahdude,worldnews,nyc,argentina,CombatFootage,MilitaryPorn,korea,Futurology,Economics,educationalgifs,germany,Switzerland,EngineeringPorn,MrRobot,MachinePorn,sanfrancisco,WarshipPorn,poland,youtube,HumanPorn,IWantOut,AskReddit,HadToHurt,hacking,darkestdungeon,russia
InternetIsBeautiful
Animals,InternetIsBeautiful,howto,creepy,Wellthatsucks,BritishTV,Infographics
InternetIsBeautiful
tifu,trypophobia,InternetIsBeautiful
TrueDoTA2,dyinglight,Unity2D,dotamasterrace,DecidingToBeBetter,StreetFighter,InternetIsBeautiful,tipofmyjoystick,SSBM
Frisson,electronicmusic,newreddits,FL_Studio,analogygifs,facebookwins,InternetIsBeautiful,NoShitSherlock
FindTheSniper,FunnyandSad,Justrolledintotheshop,InternetIsBeautiful,EngineeringPorn,creepypasta
Sense8,sanantonio,delusionalartists,TrueOffMyChest,InternetIsBeautiful
gaming,mountandblade,Unity3D,SimplePrompts,InternetIsBeautiful,nevertellmetheodds
InternetIsBeautiful
InternetIsBeautiful
TrueReddit,gadgets,CredibleDefense,perfectloops,dataisbeautiful,InternetIsBeautiful,PerfectTiming,gameofthrones,HighQualityGifs,entertainment,onejob,thomasthedankengine,sydney,daddit,math,melbourne,auslaw,photoshopbattles,DickButt,crypto,Perfectfit,spaceengineers,offbeat,Planetside,SubredditDrama,PHP
Catholicism,LatvianJokes,InternetIsBeautiful,pokemon,prolife,wikipedia,Documentaries,TrueSTL,FreeKarma,Republican,vexillology,normalboots,ChineseLanguage,MapPorn,skyrim,elderscrollsonline,Christianity,Morrowind,progun,9gag,PropagandaPosters,HomestarRunner,ProJared
ArtisanVideos,InternetIsBeautiful
UsefulWebsites,Polska,Gameboy,InternetIsBeautiful,SFWRedheads,onions,chiptunes
evolution,torrents,InternetIsBeautiful
coloringcorruptions,GirlsMirin,perfectloops,InternetIsBeautiful,Tribes,steak
rage,DickButt,CallOfDuty,undelete,InternetIsBeautiful,arma
PlayItAgainSam,InternetIsBeautiful
InternetIsBeautiful
InternetIsBeautiful
JustUnsubbed,redditisfun,InternetIsBeautiful
usenet,InternetIsBeautiful
minimalism,singularity,Pathfinder_RPG,InternetIsBeautiful
NatureGifs,google,KarmaConspiracy,forearmporn,boston,AdrenalinePorn,whitepeoplegifs,InternetIsBeautiful,brokengifs,festivals,gaybros,AnimalPorn,Whatcouldgowrong,AnimalsBeingDerps,firefly,blackpeoplegifs,Ladybonersgonecuddly,oddlysatisfying,reversegif,bitchimabus,LadyBoners,aves,bestofTLDR,Demotivational,lost,AnimalsBeingBros,classic4chan,waterporn
Lightbulb,DJs,mealtimevideos,sexypizza,Nicki_Minaj,edmproduction,SiliconValleyHBO,TumblrCirclejerk,Documentaries,france,kickstarter,engineering,Blackout2015,edmprodcirclejerk,Enhancement,bodybuilding,InternetIsBeautiful,minimalism,web_design,rupaulsdragrace,advertising
InternetIsBeautiful
StreetFights,bestofTLDR,Wrangler,MyPeopleNeedMe,whiteknighting,pussypassdenied,PussyPass,InternetIsBeautiful
ElderScrolls,TumblrCirclejerk,hardware,InternetIsBeautiful,islam,awwschwitz,likeus,MadMax,explainlikeimfive,vegancirclejerk,2spooky4me,firefly,australia,GuiltyPleasureMusic,vegan,educationalgifs,FellowKids,Scrubs,Marvel,wtfstockphotos,ayylmao,youtubehaiku,AusMemes,AnimalRights,mashups,woof_irl,russia
Battlefield,HumansBeingBros,footbaww,Barca,space,Cinema4D,Futurology,sports,InternetIsBeautiful,rally,battlefield_4,soccer,swift
videos,FirePorn,InfrastructurePorn,EarthPorn,InternetIsBeautiful,DestructionPorn,pharmacy,AerialPorn,offbeat,MURICA,Nootropics,Drugs,AskSocialScience,ThingsCutInHalfPorn,medicine,explainlikeimfive,europe,Archaeology,photoshopbattles,MacroPorn,science,weightroom,HumanPorn,PerfectTiming,Meditation
Suomi,InternetIsBeautiful
FanTheories,InternetIsBeautiful
InternetIsBeautiful
LSD,learndota2,outside,DMT,InternetIsBeautiful,unintentionalASMR
InternetIsBeautiful
Houseporn,cyanogenmod,androidapps,Porsche,Albuquerque,AndroidGaming,PrettyGirls,architecture,RoomPorn,InternetIsBeautiful,snowboarding,ifiwonthelottery,indepthstories
shield,Piracy,Megaman,skyrim,masseffect,InternetIsBeautiful,hungary,Foodforthought,EliteDangerous,spotify,HumansBeingBros,Mario,startrek,Connecticut,Bioshock,opensource,ImaginaryMonsters,Avengers,YouShouldKnow,JamesBond,geology,reactiongifs,horror,UpliftingNews,geek,Shadowrun,elderscrollsonline,singularity,steampunk,rage,crypto,deals,Cyberpunk,chromeos,ATT,PHP,StarWars,google,pcgaming,charactercrossovers,DCcomics,books,xmen,torrents,Android,Rad_Decentralization,cosplay,space,lotr,ThingsCutInHalfPorn,usenet,Nexus7,Doom,Metallica,transformers,hackintosh,business,defaultgems,javascript,dune,LV426,news,htpc,security,worldbuilding,hardware,starcitizen,dayz,programming,linux_gaming,casualnintendo,evangelion,firefox,cancer,playstation,robotics,ImaginaryCharacters,vim,FinalFantasy,Wordpress,DungeonsAndDragons,linux,tf2,DnD,networking,privacy,chrome,XFiles,beer,Deusex,alternativeart,web_design,mainecoons,dogs,Metroid,Spiderman,batman,cordcutters,xbox360,lgg4,Marvel,ipad,webcomics,television,trackers,Chromecast,podcasts,offbeat,worstof,LGG3,homelab,videos,TOR,sysadmin,cyberlaws,webdev,education,technology,southpark,superman,tattoo,netsec,deadpool,ImaginaryTechnology,excel,zelda,Dinosaurs,scifi,firefly,raspberry_pi,Portal,wallpaper,ios,BirdsBeingDicks,Daredevil,mac,nintendo,dogpictures,comicbooks,law,windows,atheism,Fantasy,gadgets,tech,Borderlands2,DataHoarder,microsoft
InternetIsBeautiful
ashleymadisonhack,SocialEngineering,InternetIsBeautiful
bakchodi,Psychonaut,TrueReddit,totalwar,robotics,ucf,AskScienceDiscussion,psych,mathpics,dataisbeautiful,InternetIsBeautiful,Foodforthought,KarmaCourt,MLPLounge,Damnthatsinteresting,im14andthisisfunny,statistics,mountandblade,TheoryOfReddit,spam,Python,Michigan,TechnologyPorn,beer,artificial,BestOfReports,malefashionadvice,mylittleandysonic1,swoleacceptance,scifi,gamedesign,lifehacks,GreenDawn,msu,SuggestALaptop,Infographics,Anxiety,MapPorn,football,teslamotors,transhumanism,ideasfortheadmins,lostgeneration,birding,chess,singularity,Borderporn,evolution,datasets,MachineLearning,GradSchool,Norse,shittyadviceanimals,compsci,Wordpress,economy,datascience,marijuanaenthusiasts
GetMotivated,Showerthoughts,InternetIsBeautiful
DaftPunk,PenmanshipPorn,chiptunes,InternetIsBeautiful
awwwtf,SelfDrivingCars,secondlife,enlightenedbirdmen,shittyama,HelpMeFind,findareddit,InternetIsBeautiful,whatstheword,ggggg,woof_irl
UpliftingNews,PlayItAgainSam,CineShots,nocontext_wallpapers,InternetIsBeautiful
MakeupAddiction,InteriorDesign,InternetIsBeautiful
Frisson,Heavymind,techsupport,Piracy,carcrash,PrettyGirls,oddlysatisfying,Prematurecelebration,southafrica,everymanshouldknow,alternativeart,InternetIsBeautiful,screamingfish
listentothis,InternetIsBeautiful
TsundereSharks,InternetIsBeautiful
SelfSufficiency,Anticonsumption,UsefulWebsites,InternetIsBeautiful
cscareerquestions,InternetIsBeautiful
InternetIsBeautiful
postrock,BattlePaintings,mathrock,Banished,InternetIsBeautiful
botsrights,HorriblyDepressing,ShittyLifeProTips,FunnyandSad,InternetIsBeautiful
AskHistorians,badlinguistics,hypotheticalsituation,AskSocialScience,CK2GameOfthrones,NoStupidQuestions,InternetIsBeautiful,AskAnthropology,FutureWhatIf
google,AcademicBiblical,wrestling,supermoto,AskScienceDiscussion,chromeos,InternetIsBeautiful,rally,mechmarket,productivity,UsefulWebsites,chrome,etymology,TrueChristian,DarkEnlightenment,NorthCarolina,motorsports,NoStupidQuestions,martialarts,Lightbulb,simpleliving,sailing,NCSU,youtube,podcasts,findareddit,compsci,raleigh,Chromecast
InternetIsBeautiful
sushi,podcasts,InternetIsBeautiful
RhodeIsland,geek,megalinks,USNEWS,Piracy,wikipedia,GotG,gadgets,CherokeeXJ,torrents,InternetIsBeautiful,SaltLakeCity,snowboarding,hacking
InternetIsBeautiful
Unexpected,arresteddevelopment,PandR,videos,DickButt,reactiongifs,LiveFromNewYork,HIFW,nerdist,misleadingthumbnails,EmmaStone,pics,todayilearned,youtubehaiku,Perfectfit,me_irl,InternetIsBeautiful,combinedgifs,FloridaMan,ArcherFX,nottheonion
Gamingcirclejerk,InternetIsBeautiful
musictheory,piano,InternetIsBeautiful
france,InternetIsBeautiful
InternetIsBeautiful
Charlotte,powerwashingporn,leaves,InternetIsBeautiful
Design,InternetIsBeautiful
EngineeringStudents,ireland,InternetIsBeautiful
totalwar,circlebroke2,TumblrCirclejerk,InternetIsBeautiful,elderscrollsonline,paradoxplaza
InternetIsBeautiful
chemistry,seinfeld,Knoxville,InternetIsBeautiful
InternetIsBeautiful
deathnote,cowboybebop,galaxys5,mallninjashit,attackontitan,Gameboy,FullmetalAlchemist,RBI,InternetIsBeautiful,Dashcam
PictureGame,CrappyDesign,InternetIsBeautiful
InternetIsBeautiful
starterpacks,AccidentalComedy,respectporn,InternetIsBeautiful
thatHappened,tea,Showerthoughts,nonon,InternetIsBeautiful,shittyaskscience,iamverysmart
Helicopters,MadeMeSmile,CredibleDefense,worldevents,mildlyamusing,InternetIsBeautiful,AutumnPorn,unitedstatesofamerica,geography,TheoryOfReddit,HistoryPorn,BattlePaintings,AnimalPorn,winterporn,geology,UpliftingNews,NoStupidQuestions,toosoon,AbandonedPorn,ArchitecturePorn,INGLIN,90sAlternative,Enhancement,ruralporn,BotanicalPorn,PlayItAgainSam,FuckingWithNature,TrueAtheism,FirePorn,HeavySeas,TwoXChromosomes,spiderbro,AdrenalinePorn,OneY,halifax,Norway,wowthissubexists,Feminism,canada,Borderporn,skeptic,wikipedia,MyPeopleNeedMe,Anticonsumption,CozyPlaces,likeus,vexillology,AskFeminists,bestof,nature,answers,birding,respectporn,Houseporn,WarshipPorn,carcrash,relationship_advice,Hair,Austria,Im14andthisisWTF,montreal,confession,NewsPorn,weather,Health,marijuanaenthusiasts,EarthPorn,Drugs,museum,spicy,CabinPorn,SkyPorn,Wellthatsucks,applesucks,JusticeServed,LifeProTips,engrish,offbeat,RedditForGrownups,AdPorn,castles,alpinism,NewsOfTheStupid,InfrastructurePorn,Infographics,DestructionPorn,AerialPorn,CampingandHiking,bookporn,DesirePath,BirdsBeingDicks,ideasfortheadmins,Iceland,Survival,awwschwitz,AskSocialScience,TheWayWeWere,bikecommuting,UnresolvedMysteries,spaceporn,bicycletouring,heraldry,DAE,StormComing,MachinePorn,retrogaming,shitpost,bikewrench,waterporn,sportsarefun,ArtPorn
TEFL,simpleliving,LearnJapanese,InternetIsBeautiful
russian,texts,redditisfun,SuggestALaptop,InternetIsBeautiful
bestofTLDR,SquaredCircle,SquaredCirclejerk,InternetIsBeautiful,shestillsucking,chemistry
RandomKindness,InternetIsBeautiful
college,infj,ArchitecturePorn,DesignPorn,TrueOffMyChest,sleep,InternetIsBeautiful,ImaginaryMiddleEarth,mbti
apple,crappymusic,PanicHistory,FunnyandSad,UnnecessaryCensorship,DeepIntoYouTube,dataisbeautiful,InternetIsBeautiful,shittytumblrgifs,ContagiousLaughter,writing,wowthissubexists,forwardsfromgrandma,im14andthisisfunny,girls_smiling,rct,UGA,MinionHate,VirtualFreakout,SubredditDramaDrama,animation,chiptunes,misleadingthumbnails,im14andthisisdeep,Doom,vexillology,lerightgeneration,2spooky4me,badMovies,killthosewhodisagree,defaultgems,delusionalartists,NotTimAndEric,VaporwaveAesthetics,FellowKids,emulation,lostgeneration,MiiverseInAction,FreckledGirls,illusionporn,lewronggeneration,rage,CringeAnarchy,shittyHDR,advertising,INEGentlemanBoners,911fanart,ObscureMedia
awwwtf,DesignPorn,TwoXChromosomes,FoodPorn,indianapolis,Wordpress,DessertPorn,InternetIsBeautiful,webdev,Foodforthought,education,technology,festivals,Feminism,graphic_design,howto,Coffee,productivity,UsefulWebsites,boop,USNEWS,wikipedia,nostalgia,logodesign,UpliftingNews,beer,twinpeaks,Indiana,KimmySchmidt,Design,macgaming,SiliconValleyHBO,shutupandtakemymoney,business,Purdue,ios,javascript,defaultgems,Detroit,lgbt,web_design,bloomington,news,adultswim,diabetes,wtfstockphotos,Lettering,lost,fitmeals,howyoudoin,typography,offbeat,burgers,iOSProgramming,advertising,seriouseats,Music,GetMotivated
NichtDerPostillon,de,SCHLAND,InternetIsBeautiful
copypasta,InternetIsBeautiful
theydidthemath,upvote,SandersForPresident,InternetIsBeautiful,softwaregore,spiderbro
notinteresting,facepalm,lolcats,france,jellybeantoes,twinpeaks,ShittyEarthPorn,bristol,InternetIsBeautiful,russian,britpics
SoundersFC,ShittyMapPorn,DestructionPorn,Seattle,Nexus7,ussoccer,urbanplanning,Washington,PropagandaPosters,ThingsCutInHalfPorn,MLS,MapPorn,InternetIsBeautiful,InfrastructurePorn,AerialPorn,cableporn,FutureWhatIf
shrooms,UGA,BobsBurgers,LSD,InternetIsBeautiful
europe,forwardsfromgrandma,misleadingthumbnails,ads,HorriblyDepressing,Ashens,translator,conspiratard,forwardsfromhitler,anime,GreenDawn,InternetIsBeautiful,crappyoffbrands,AdPorn,ObscureMedia
Columbus,spam,Futurology,Cleveland,SubredditSimMeta,xposed,cannabis,retrobattlestations,InternetIsBeautiful,Ohio
theydidthemath,IndianaUniversity,InternetIsBeautiful
wtfstockphotos,LucidDreaming,gallifrey,bakchodi,mealtimevideos,footbaww,calvinandhobbes,AskAnthropology,happycrowds,india,Cricket,marvelstudios,NoShitSherlock,seaporn,InternetIsBeautiful,MeanJokes,OutOfTheLoop,indianpeoplefacebook,russia,AdPorn,shield
television,InternetIsBeautiful
illegaltorrents,sad,serbia,HowToHack,InternetIsBeautiful
motivation,korea,churchporn,streetart,DIY,Dinosaurs,marijuanaenthusiasts,japanpics,solar,InternetIsBeautiful,crazystairs,BotanicalPorn
InternetIsBeautiful
InternetIsBeautiful
InternetIsBeautiful
YMS,criterion,InternetIsBeautiful
InternetIsBeautiful
mindcrackcirclejerk,InternetIsBeautiful
thalassophobia,InternetIsBeautiful
AskCulinary,offmychest,HomeworkHelp,MitchellAndWebb,hypotheticalsituation,MadeMeSmile,XFiles,niceguys,kotor,etymology,psych,LadyBoners,TwoXChromosomes,InternetIsBeautiful,UnresolvedMysteries,infp,degreestohitler
chemistry,InternetIsBeautiful
InternetIsBeautiful
boston,MLS,InternetIsBeautiful
InternetIsBeautiful
firstworldanarchists,cute,YouShouldKnow,greentext,Infographics,Documentaries,findareddit,AskReddit,perfectloops,dataisbeautiful,InternetIsBeautiful,learnpython,Physics
photoshop,MURICA,punk,socialmedia,CrappyDesign,conspiratard,BBQ,InternetIsBeautiful,Austin,texas
InternetIsBeautiful
labrats,InternetIsBeautiful
ScenesFromAHat,InternetIsBeautiful
InternetIsBeautiful
androidapps,InternetIsBeautiful
TOR,LucidDreaming,ethereum,InternetIsBeautiful
InternetIsBeautiful
Shaboozey,gamemusic,videos,InternetIsBeautiful,TumblrCirclejerk,attackontitan,quotes,whiteknighting,ShitGhaziSays,sips,presshearttocontinue,pokemon,bertstrips,TumblrInAction,KarmaCourt,quityourbullshit,VirtualFreakout,subredditcancer,respectthreads,whowouldwin,pcmasterrace,SRSsucks,anime_irl,katawashoujo,theydidthemath,Teleshits,killthosewhodisagree,photoshopbattles,ScenesFromAHat,facepalm,delusionalartists,Drama,Cynicalbrit,menkampf,KotakuInAction,KillLaKill,StardustCrusaders,WritingPrompts,CringeAnarchy,ITSAPRANK,nocontext,WhoWouldWinVerse,nononono,JonTron,ShittyLifeProTips,Toontown,evangelion
rational,InternetIsBeautiful
Fallout,InternetIsBeautiful
InternetIsBeautiful
techsupportmacgyver,explainlikeIAmA,questionablecontent,steampunk,philadelphia,writing,Owls,Drexel,InternetIsBeautiful,perfectloops,Pareidolia,aspergers
shittytumblrgifs,InternetIsBeautiful
InternetIsBeautiful
AusMemes,brisbane,softwaregore,Cyberpunk,InternetIsBeautiful,hacking
deaf,InternetIsBeautiful
Louisville,InternetIsBeautiful
chemicalreactiongifs,Demotivational,sixwordstories,InternetIsBeautiful
Judaism,Staples,InternetIsBeautiful,ems,BoJackHorseman,funnysigns
TheOnion,Frisson,YouShouldKnow,ads,Bandnames,DickButt,spaceengine,Astronomy,evenwithcontext,FuckingWithNature,BillBurr,ImageStabilization,InternetIsBeautiful,pinkfloyd,DataHoarder,StonerPhilosophy
Twitter,InternetIsBeautiful
ShittyMapPorn,100yearsago,whatisthisthing,soundporn,TrainPorn,duolingo,de,InternetIsBeautiful,shitduolingosays,whatsthisplant
InternetIsBeautiful
WebGames,camping,InternetIsBeautiful,mycology,Frugal,Connecticut,NationalPark,skiing,snowboarding,castiron
uwotm8,retiredgif,interstellar,Psybient,SelfDrivingCars,conspiracy,InternetIsBeautiful,BasicIncome,atheismrebooted,StonerPhilosophy,deathnote,trance,shittyama,ZenHabits,gif,DaftPunk,shittyreactiongifs,Brogress,virtualreality,woahdude,bestof,breathinginformation,Futurology,SocialEngineering,socialanxiety,educationalgifs,reversegif,Psychonaut,singularity,Battlefield,oculus,nocontext,spaceengine,CasualConversation
InternetIsBeautiful
prisonarchitect,vim,AskSF,InternetIsBeautiful
electronics,programming,RTLSDR,straya,InternetIsBeautiful
gallifrey,TrueAtheism,unitedkingdom,Piracy,energy,HeavySeas,gadgets,SelfSufficiency,AskScienceDiscussion,london,torrents,InternetIsBeautiful,nononono,OldSchoolCool,entertainment,scifi,RetroFuturism,nonononoyes,SCP,Whatcouldgowrong,Frisson,shutupandtakemymoney,askscience,ads,answers,lgbt,doctorwho,OldSchoolCoolMusic,women,evolution,trackers,TheDepthsBelow,spaceflight,offbeat,techsupport
greece,ideasfortheadmins,MineralPorn,mildlypenis,todayilearned,noisygifs,WebGames,CatsInSinks,seinfeldgifs,pittsburgh,CasualTodayILearned,humblebrag,shittytumblrgifs,InternetIsBeautiful,combinedgifs,EngineeringPorn,instant_regret,AmazonTopRated,MotoX,unitedstatesofamerica,lewronggeneration
JurassicPark,AppleWatch,iOSProgramming,InternetIsBeautiful
FastWorkers,SkyDiving,askwomenadvice,InternetIsBeautiful
InternetIsBeautiful
GetEmployed,InternetIsBeautiful
GamerPals,InternetIsBeautiful
QuotesPorn,EatCheapAndHealthy,randomsexygifs,BuyItForLife,Anarchism,perfectloops,dataisbeautiful,InternetIsBeautiful,breakingbad,shorthairedhotties,Feminism,killthosewhodisagree,Damnthatsinteresting,OldSchoolCool,quityourbullshit,hardcoreaww,Jazz,writing,booksuggestions,slowcooking,SkinnyWithAbs,pic,trashy,PersonOfInterest,ShittyMapPorn,KindleFreebies,AutumnPorn,sexygirls,Awwducational,FreckledGirls,HannibalTV,alcohol,worldbuilding,AbandonedPorn,RedditDayOf,TrueDetective,PerfectTiming,PrettyGirls,coolguides,baconreader,happygirls,AdPorn
itsaunixsystem,PersonOfInterest,quityourbullshit,OutOfTheLoop,UpliftingNews,tacobell,InternetIsBeautiful,LGG3
InternetIsBeautiful
NewsOfTheStupid,Nissan,happycrowds,InternetIsBeautiful,NoShitSherlock,ContagiousLaughter
me_irl_video,AccidentalComedy,UnnecessaryCensorship,ofcoursethatsathing,FellowKids,montageparodies,csgojerk,InternetIsBeautiful,ContagiousLaughter,CommercialCuts,speedrun,InlandEmpire
firstworldanarchists,smallbusiness,freelance,Entrepreneur,asheville,DebateAnAtheist,InternetIsBeautiful,BritishSuccess
InternetIsBeautiful
QuotesPorn,truetf2,firefox,xposed,AppHookup,engineering,books,InternetIsBeautiful,HouseMD,Heavymind,firstworldanarchists,ideasfortheadmins,ads,space,self,TaylorSwift,harrypotter,Bioshock,Stormlight_Archive,Sherlock,MovieSuggestions,Spiderman,television,dresdenfiles,suggestmeabook,comicbooks,thewalkingdead,Drama,IWantToLearn,dubai,oneplus,logophilia
videos,heraldry,geopolitics,CityPorn,InternetIsBeautiful,VillagePorn,Infographics,milwaukee,AerialPorn,geography,Columbus,FirePorn,ImaginaryMiddleEarth,ArtefactPorn,nyc,vexillology,thenetherlands,longisland,California,oregon,geek,MapPorn,Switzerland,churchporn,logodesign,ShittyMapPorn,mealtimevideos,florida,imaginarymaps,melbourne,Fantasy,Military,Ohio,drawing,PixelArt
playrust,hacking,InternetIsBeautiful
InternetIsBeautiful
pwned,InternetIsBeautiful
Frisson,SuicideWatch,ADHD,Paranormal,socialskills,booksuggestions,DecidingToBeBetter,AskAcademia,Psychonaut,InternetIsBeautiful,raisedbynarcissists,ainbow,TiADiscussion
statistics,datasets,InternetIsBeautiful
InternetIsBeautiful
InternetIsBeautiful
linguistics,SandersForPresident,deaf,Documentaries,baseball,KCRoyals,InternetIsBeautiful
gifs,Unexpected,respectporn,InternetIsBeautiful,CitiesSkylines,trees,uktrees,BritishTV,woahdude,trailerparkboys,forza,mildyinteresting,blues
InternetIsBeautiful
argentina,engineering,RelayForReddit,InternetIsBeautiful
anime_irl,gangstaswithwaifus,animegifs,QUALITYanime,InternetIsBeautiful
FirePorn,imaginarymaps,InfrastructurePorn,interestingasfuck,AlbumArtPorn,InternetIsBeautiful,DestructionPorn,shittyama,ThingsCutInHalfPorn,TheWayWeWere,woahdude,AnimalPorn,GuessTheMovie,MovieSuggestions,wtfart,postpunk,VillagePorn,AccidentalRenaissance,MachinePorn,churchporn,ArchitecturePorn,Musicthemetime,ArtPorn
InternetIsBeautiful
InternetIsBeautiful
hiphopheads,InternetIsBeautiful
space,InternetIsBeautiful
InternetIsBeautiful
mlb,InternetIsBeautiful,French,iphone,Flyers,orioles
civcirclejerk,neopets,animenocontext,InternetIsBeautiful
makemychoice,InternetIsBeautiful
falloutshelter,sciencefiction,Minneapolis,InternetIsBeautiful
pics,listentothis,InternetIsBeautiful
Cubers,explainlikeIAmA,SCP,Besiege,InternetIsBeautiful
InternetIsBeautiful
nightvale,cablefail,enlightenedbirdmen,pitchforkemporium,InternetIsBeautiful,videogamedunkey
InternetIsBeautiful
InternetIsBeautiful
weather,windowsphone,gameofthrones,InternetIsBeautiful
InternetIsBeautiful
audiophile,Edmonton,electronic_cigarette,Windows10,csharp,InternetIsBeautiful,Calgary,microsoft
dragoncon,InternetIsBeautiful
BasicIncome,TheoryOfReddit,space,WouldYouRather,self,InternetIsBeautiful,HaloStory,socialism,askphilosophy,worldnews,news,KerbalSpaceProgram,Futurology,halo,nasa
forwardsfromgrandma,shibe,whitepeoplegifs,nocontext,coaxedintoasnafu,AntiJokes,Ashens,ExpectationVsReality,Aleague,FellowKids,wheredidthesodago,shittytumblrgifs,InternetIsBeautiful,FastWorkers,Im14andthisisWTF,nonononoyes,sportsarefun
canada,worldpolitics,germany,InternetIsBeautiful
falloutshelter,HowToHack,HighQualityGifs,WeirdWheels,gtaglitches,AwesomeCarMods,stevenuniverse,InternetIsBeautiful,venturebros,adultswim
AdviceAnimals,showerbeer,InternetIsBeautiful
beetlejuicing,dontstarve,emulation,InternetIsBeautiful
lectures,Automate,skeptic,quotes,mechanical_gifs,ImageStabilization,InternetIsBeautiful,spacex
advertising,InternetIsBeautiful
InternetIsBeautiful
osx,google,firefox,tiltshift,Enhancement,MadeMeSmile,AppHookup,engrish,MarkMyWords,whitepeoplegifs,thatcouldvebeenworse,dataisbeautiful,InternetIsBeautiful,pebble,macgaming,Damnthatsinteresting,ipad,im14andthisisfunny,humor,verizon,newreddits,rct,self,linux4noobs,applehelp,MyPeopleNeedMe,NetflixBestOf,Python,botsrights,iphone,Nexus7,SocialEngineering,orangeisthenewblack,battlefield_4,Frugal_Jerk,noisygifs,holdmyfries,holdmybeer,node,iosgaming,tycoon,ChildrenFallingOver,myfriendwantstoknow,playstation,Futurology,reactjs,educationalgifs,oddlysatisfying,mac,youtubehaiku,UNBGBBIIVCHIDCTIICBG,Scrubs,trypophobia,itsaunixsystem,DadReflexes,learnpython,Steam,chrome,AlienBlue,Battlefield,geek,Unexpected,loadingicon,netflix,windows,linux_gaming,eFreebies,UCSD,AnimalsBeingBros,kindle,software,CasualConversation,SweatyPalms,learnprogramming
Helicopters,chemicalreactiongifs,noisygifs,Infographics,WeirdWheels,WastedGifs,UnnecessaryCensorship,Roadcam,DestroyedTanks,perfectloops,PastAndPresentPics,InternetIsBeautiful,DestructionPorn,Warplanesnuffporn,dashcamgifs,Damnthatsinteresting,misleadingthumbnails,HighQualityGifs,respectporn,lego,WTF,TankPorn,Wellthatsucks,MyPeopleNeedMe,HistoryPorn,holdmybeer,introvert,likeus,spaceporn,aviationgifs,MilitaryGfys,shockwaveporn,nope,Whatcouldgowrong,woahdude,CombatFootage,MilitaryPorn,instantkarma,HeavySeas,WarplanePorn,IdiotsFightingThings,oddlysatisfying,Owls,ofcoursethatsathing,OSHA,bitchimabus,Explosion_Gfys,Shitty_Car_Mods,shittyaskscience,Military,instant_regret,rugbyunion,nonononoyes,shittyaskreddit,gifs,AbandonedPorn,Unexpected,motorcycles,ArchitecturePorn,Jokes,WarshipPorn,ArtefactPorn,WWIIplanes,mechanical_gifs,CatastrophicFailure,nononono,InterestingGifs,HadToHurt,BitchImATrain,waterporn,ANormalDayInRussia,EngineeringPorn,yesyesyesyesno
DickButt,Pareidolia,InternetIsBeautiful
donaldglover,Harmontown,JustUnsubbed,BigBrother,kitty,chuck,wicked_edge,CK2GameOfthrones,pokemonshowdown,indieheads,InternetIsBeautiful
InternetIsBeautiful
InternetIsBeautiful
InternetIsBeautiful
germany,misleadingthumbnails,AdPorn,InternetIsBeautiful
InternetIsBeautiful
InternetIsBeautiful
nonononoyes,InternetIsBeautiful
InternetIsBeautiful
desktops,meirl,InternetIsBeautiful
minnesota,InternetIsBeautiful
Favors,WeirdWheels,InternetIsBeautiful,RetroFuturism,Foodforthought,law,nonononoyes,history
BostonBruins,InternetIsBeautiful,rangers,hockey,tiltshift,redsox,hockeycirclejerk,betterCallSaul
ShittyFanTheories,RandomActsOfGaming,Megturney,SourceFed,SiliconValleyHBO,BestOfStreamingVideo,InternetIsBeautiful,annakendrick,funkopop
redorchestra,insurgency,Besiege,InternetIsBeautiful
starterpacks,pcmasterrace,Unorthodog,unexpectedjihad,InternetIsBeautiful
StreetFights,declutter,Voat,longstabbything,OutOfTheLoop,manga,interestingasfuck,2007scape,LifeProTips,InternetIsBeautiful,Naruto,educationalgifs,gurrenlagann,BokuNoHeroAcademia,KillLaKill
InternetIsBeautiful
Physics,InternetIsBeautiful
InternetIsBeautiful
Infographics,InternetIsBeautiful
streetart,InternetIsBeautiful
medicine,InternetIsBeautiful
FL_Studio,InternetIsBeautiful
InternetIsBeautiful
InternetIsBeautiful
Patriots,InternetIsBeautiful
InternetIsBeautiful
InternetIsBeautiful
BuyItForLife,security,InternetIsBeautiful
AgainstGamerGate,InternetIsBeautiful
gifs,television,titlegore,UpvotedBecauseGirl,InternetIsBeautiful,news,nevertellmetheodds
botsrights,GTAA,OutOfTheLoop,youtube,MURICA,InternetIsBeautiful,news,PoliceSketchme,RealEstate
InternetIsBeautiful
canada,raspberry_pi,fantasyhockey,Futurology,hometheater,reactiongifs,chromeos,shittyreactiongifs,InternetIsBeautiful,htpc,Cartalk
Cricket,football,perth,InternetIsBeautiful
IWantToLearn,MakeNewFriendsHere,LGBTeensGoneMild,logophilia,AskSocialScience,eFreebies,sociology,malegrooming,InternetIsBeautiful,IWantOut
bitchimabus,Barca,TOR,awesome,randomsexygifs,chemicalreactiongifs,physicsgifs,sad,upvotegifs,Chargers,chess,books,cutegirlgifs,InternetIsBeautiful,DestructionPorn,news,BestOfReports,skateboarding,FreckledGirls,StreetFights,DAE,longboarding,CrazyIdeas,girls_smiling,spam,boop,TheStrokes,LearnUselessTalents,KansasCityChiefs,ThingsCutInHalfPorn,catpranks,AsianCuties,holdmybeer,misleadingthumbnails,foodhacks,AnimalPorn,Hot_Women_Gifs,Frugal_Jerk,DubbedGIFS,Metallica,Whatcouldgowrong,TagPro,CombatFootage,HorriblyDepressing,serialpodcast,ArianaGrande,AnimalsBeingJerks,holdmyjuicebox,wtfart,UpliftingNews,trippy,educationalgifs,Wellthatsucks,Tennesseetitans,HipHopImages,Moviesinthemaking,LGBTnews,DadReflexes,instant_regret,Physics,nonononoyes,illusionporn,goddesses,sandiego,IdiotsFightingThings,NatalieDormer,victoriajustice,jakeandamir,carcrash,StartledCats,nononono,chrome,PrettyGirls,SelenaGomez,sexygirls,science,ScarlettJohansson,happygirls,AdPorn
BollywoodRealism,InternetIsBeautiful
rickandmorty,InlandEmpire,futurama,TheSimpsons,InternetIsBeautiful
offbeat,AskAcademia,InternetIsBeautiful
Jazz,InternetIsBeautiful
glitch_art,productivity,trypophobia,javascript,LearnUselessTalents,Music,InternetIsBeautiful,webdev
firstworldanarchists,riddles,IWantToLearn,makinghiphop,whatsthisbird,myfriendwantstoknow,DnB,boop,FuckYouImAShark,DigitalPainting,LearnJapanese,StopTouchingMe,GuiltyPleasureMusic,edmproduction,realdubstep,civ,gamemusic,InternetIsBeautiful,explainlikeimfive
linuxquestions,InternetIsBeautiful
SEO,Pmsforsale,amv,InternetIsBeautiful
getdisciplined,selfimprovement,AbandonedPorn,simpleliving,makemychoice,InteriorDesign,malelivingspace,InternetIsBeautiful,minimalism,battlestations,AskSF
shittyfoodporn,3amjokes,trippy,analog,Psychonaut,InternetIsBeautiful,aves,Punny,wow,StonerPhilosophy
Lightbulb,wallpaperdump,techsupportgore,InternetIsBeautiful
carporn,gardening,FoodPorn,tea,sushi,millionairemakers,seriouseats,MechanicAdvice,marijuanaenthusiasts,InternetIsBeautiful,southpark,Damnthatsinteresting,ideasfortheadmins,eatsandwiches,spam,FreeGamesOnSteam,interesting,nhl,food,tacobell,ArtefactPorn,RoomPorn,foodhacks,nyc,bourbon,Etsy,Cooking,tech,Dashcam,mlb,starterpacks,LosAngeles,Infographics,shutupandtakemymoney,Miami,Economics,JapaneseFood,GifRecipes,lists,budgetfood,cookingvideos,ofcoursethatsathing,newreddits,Shitty_Car_Mods,Roadcam,AmazonTopRated,toronto,Art,MacroPorn,Houseporn,Frugal,ChiefKeef,lifehacks,mississauga,bicycling,amazon,GetMotivated,eFreebies,burgers,Design,Fishing,Images,Pictures,gif,ifiwonthelottery
InternetIsBeautiful
iosgaming,buildapc,ideasfortheadmins,pcgaming,electricians,InternetIsBeautiful,Trove,ios,Cakes,answers,xbox,mac,SuggestALaptop,nvidia,gamingpc,Minecraft,virtualreality,Surface
trypophobia,Unexpected,italy,quityourbullshit,KarmaConspiracy,FoodPorn,casualiama,ShitCosmoSays,rage,interestingasfuck,SampleSize,antibaw,OldSchoolCool,InternetIsBeautiful,combinedgifs,TrueAtheism,nonononoyes,Pareidolia,shittyfoodporn,Pizza
wikipedia,InternetIsBeautiful
InternetIsBeautiful
RedditForGrownups,InternetIsBeautiful
InternetIsBeautiful
sportsbook,InternetIsBeautiful
todayilearned,thomasthedankengine,oddlysatisfying,Monstercat,InternetIsBeautiful,nottheonion,FellowKids,iamverysmart,edmprodcirclejerk
southafrica,ITcrowd,InternetIsBeautiful
happycrowds,CallOfDuty,GamerGhazi,InternetIsBeautiful
minimalism,Design,InternetIsBeautiful
eFreebies,TopGear,totallynotrobots,InternetIsBeautiful
IdiotsFightingThings,soundporn,InternetIsBeautiful
JimSterling,pcgaming,michaelbaygifs,steamdeals,InternetIsBeautiful,HelloInternet,Gaming4Gamers,reallifedoodles,Cynicalbrit,softwaregore,mildlyamusing,shittykickstarters
survivor,InternetIsBeautiful,books,Infographics,minimalism,Pareidolia
AndroidQuestions,Unity3D,reversegif,geek,InternetIsBeautiful
bodybuilding,footballdownload,britpics,InternetIsBeautiful
UofT,TEFL,InternetIsBeautiful
BollywoodRealism,InternetIsBeautiful
futurebeats,Heavymind,Lawrence,noisygifs,InternetIsBeautiful,ChiefKeef,Eyebleach,mathrock,MusicBattlestations,streetwear,Pareidolia
me_irl_video,GrandTheftAutoV_PC,Ooer,ledootgeneration,InternetIsBeautiful
FunnyandSad,InternetIsBeautiful
skyrimdadjokes,NoFap,InternetIsBeautiful
EngineeringStudents,statistics,mathpics,InternetIsBeautiful
TrueReddit,FifthWorldPics,circlebroke2,dataisbeautiful,InternetIsBeautiful,Foodforthought,firstworldproblems,statistics,humor,TheoryOfReddit,skeptic,classicalmusic,circlebroke,SubredditDramaDrama,labrats,fifthworldproblems,biology,PanicHistory,askscience,occupywallstreet,defaultgems,highereducation,ainbow,DepthHub,linux,gaaaaaaayyyyyyyyyyyy,AskHistorians,offbeat,SubredditDrama
necrodancer,InternetIsBeautiful
rage,askscience,photography,blackcats,itookapicture,InternetIsBeautiful,argentina
InternetIsBeautiful
ZenHabits,InternetIsBeautiful
learnmath,InternetIsBeautiful
SiliconValleyHBO,itsaunixsystem,web_design,technology,vfx,thewestwing,suits,webdev,compsci,LiveFromNewYork,InternetIsBeautiful,firefox,Doom,ruby,animation
InternetIsBeautiful
gaming,morbidlybeautiful,payday2secret,Bandnames,shortscarystories,InternetIsBeautiful,Showerthoughts,MarkMyWords,cringepics
InternetIsBeautiful
shitpost,Floof,InternetIsBeautiful
showerbeer,AMA,vegetarian,gonenatural,redditgetsdrawn,ArtistLounge,dadjokes,PenmanshipPorn,InternetIsBeautiful
mealtimevideos,Futurology,EverythingScience,Health,InternetIsBeautiful,Palestine,technology,wowthissubexists,kurdistan
theleaguefx,brisbane,youtube,Rainmeter,leagueoflegends,InternetIsBeautiful
InternetIsBeautiful
Design,InternetIsBeautiful
NewSkaters,shibe,misleadingthumbnails,youdontsurf,MarkMyWords,shittyaskhistory,InternetIsBeautiful
linguistics,marijuanaenthusiasts,InternetIsBeautiful
BestOfReports,InternetIsBeautiful
Birbs,parrots,wiiu,InternetIsBeautiful
crappymusic,InternetIsBeautiful
InternetIsBeautiful
catpictures,InternetIsBeautiful
InternetIsBeautiful
milliondollarextreme,InternetIsBeautiful
paradoxplaza,InternetIsBeautiful
InternetIsBeautiful
InternetIsBeautiful
HistoryWhatIf,arduino,Python,InternetIsBeautiful,shittykickstarters,swift
smashgifs,nononono,ANormalDayInRussia,InternetIsBeautiful
shield,InternetIsBeautiful
boston,energy,robotics,Health,InternetIsBeautiful,education,3Dprinting,autism,psychology,socialmedia,environment,business,highereducation,cogsci,law,Archaeology,evolution,Mindfulness,science,Twitter,tech,architecture
postrock,InternetIsBeautiful
facebookwins,InternetIsBeautiful
streetart,videos,de,nl_Kripparrian,InternetIsBeautiful,SCHLAND
InternetIsBeautiful
books,InternetIsBeautiful
design_critiques,InternetIsBeautiful
LadyGaga,FemmeThoughts,exmormon,childfree,BodyAcceptance,Frozen,SkincareAddiction,oldpeoplefacebook,MakeupAddicts,InternetIsBeautiful,BeautyDiagrams,OnceUponATime,SwiggitySwootyGifs
InternetIsBeautiful
firefox,youdontsurf,pokemonzetaomicron,PanicHistory,reactiongifs,conspiratard,InternetIsBeautiful,shitpost,MLPLounge,ShitRedditSays,islam,MinionHate,ploungeafterdark,shittyfoodporn,DoesAnybodyElse,wikipedia,tacobell,scifi,vexillology,ObscureMedia,explainlikeIAmA,ScenesFromAHat,mildlyinfuriating,NoStupidQuestions,MiiverseInAction,Unexpected,RedDwarf,tech,Enhancement,wallpapers,communism101,GifSound
linuxmemes,InternetIsBeautiful
france,Music,Jazz,Feminism,InternetIsBeautiful
pebble,KenM,InternetIsBeautiful
InternetIsBeautiful
whatsthisbug,GunsAreCool,business,entertainment,askscience,enlightenedbirdmen,defaultgems,AskAnthropology,electricians,InternetIsBeautiful,medicine,news,DepthHub,Feminism,history
InternetIsBeautiful
vintageaudio,MadMaxGame,summonerschool,youtubehaiku,dayz,gaymers,Drifting,edmproduction,oculus,unrealengine,CrappyDesign,MosinNagant,WritingPrompts,Rainmeter,torrents,InternetIsBeautiful,ContagiousLaughter,spaceengineers,Audi
fountainpens,80smusic,FuckingWithNature,NewsOfTheStupid,DoctorWhumour,shield,PropagandaPosters,humblebrag,rant,ShittyAnimalFacts,InternetIsBeautiful,ladyladyboners,ExplainLikeImCalvin,beetlejuicing,Avengers,starbucks
InternetIsBeautiful
InternetIsBeautiful
Heavymind,unitedkingdom,LegalAdviceUK,urbanplanning,sushi,thalassophobia,Buddhism,tipofmytongue,InternetIsBeautiful,design_critiques,graphic_design,im14andthisisfunny,AskSocialScience,TheWayWeWere,woahdude,WebGames,mildyinteresting,Pareidolia,theydidthemath,Frisson,SwiggitySwootyGifs,legaladvice,answers,NoStupidQuestions,creepypasta,explainlikeimfive,typography,findareddit,puns,Enhancement,Amsterdam,RedditForGrownups
InternetIsBeautiful
REBL,InternetIsBeautiful
morbidlybeautiful,soundporn,IdiotsFightingThings,seinfeld,GTAV,InternetIsBeautiful,WWE,OldSchoolCool,respectporn,instantbarbarians,boop,SquaredCircle,happycrowds,alternativeart,nope,ObscureMedia,JamesBond,90sHipHop,NotTimAndEric,Wrasslin,GamePhysics,awwtf,adultswim,80smusic,Unexpected,WWEGames,comicbookart,creepy,nononono,lastimages,ShittyEarthPorn,HadToHurt,Eyebleach,xmen,retrogaming
fo4,Demotivational,inthenews,InternetIsBeautiful
InternetIsBeautiful
nhl,hockey,InternetIsBeautiful
lectures,coding,vim,archlinux,Enhancement,InternetIsBeautiful,learnpython
battlefield3,InternetIsBeautiful
Knoxville,Detroit,InternetIsBeautiful,Blacksmith,web_design,tampa
philadelphia,AccidentalComedy,HomeworkHelp,datascience,InternetIsBeautiful
UsefulWebsites,NewTubers,LearnUselessTalents,everymanshouldknow,InternetIsBeautiful,ThreadKillers
InternetIsBeautiful
TreesSuckingAtThings,perfectloops,scuba,InternetIsBeautiful
ayylmao,KarmaCourt,BoJackHorseman,Borderlands,longstabbything,ITSAPRANK,lifeisstrange,bigbangcomics,normalboots,HomestarRunner,fifthworldproblems,misleadingthumbnails,InternetIsBeautiful,KimmySchmidt,HannibalTV,awesome,CrazyIdeas,h3h3productions
Ubuntu,InternetIsBeautiful
ShittyFanTheories,glitch_art,shortscarystories,3amjokes,LatvianJokes,InternetIsBeautiful,lifeofnorman,Punny,fifthworldproblems
youtubehaiku,InternetIsBeautiful
PlayItAgainSam,chemicalreactiongifs,inthenews,KingOfTheHill,Health,InternetIsBeautiful,webdev,technology,freelance,LearnUselessTalents,veganrecipes,web_design,DeepIntoYouTube,outrun,vegan,Awwducational,IndieGaming,youtubehaiku,vegetarian,Perfectfit,bicycletouring,mashups,Cyberpunk,perfectloops,retrogaming,AnimalRights
wtfstockphotos,SonicTheHedgehog,InternetIsBeautiful
dirtgame,OutOfTheLoop,galaxys5,GrandTheftAutoV,InternetIsBeautiful,rally
exoticspotting,xposed,androidapps,moto360,gentlemanbonersgifs,AndroidGaming,androidthemes,InternetIsBeautiful,Android
CyanideandHappiness,PersonOfInterest,thatHappened,3amjokes,india,AntiJokes,dadjokes,Coldplay,InternetIsBeautiful,xkcd
RelayForReddit,simracing,needforspeed,britishproblems,InternetIsBeautiful,shitpost,rally,assettocorsa
